,Features
0,Artist_Toneelschuur Producties | Steef de Jong
1,"Artist_Tessa Sunniva, Suzan Seegers, John Vooijs, Tony Neef, ensemble en band"
2,Artist_Theater Rotterdam: Alida Dors
3,Artist_Lucas de Man
4,Artist_Oxygen
5,"Artist_Junior Company, Het Nationale Ballet & ISH Dance Collective"
6,Artist_BonteHond | Orkater
7,Artist_Toneelschuur Producties | Theater Oostpool | Abdel Daoudi
8,Venue_Plein Zaal
9,Genre_Verhuring
10,Genre_Opera
11,Artist_PeuterVestival: Maas theater en dans
12,Artist_Beth & Flo
13,"Artist_Brigitte Heitzer, Freek Bartels e.a."
14,Artist_Orkater/De Nieuwkomers/Konvooi
15,Genre_Cabaret
16,Artist_Sadettin K - Monumentaal
17,"Artist_Kluun, Leon Verdonschot en grote liveband"
18,Artist_Nina de la Parra & Sanne Landvreugd
19,Artist_De Warme Winkel (voorheen toneelgroep Amsterdam)
20,Artist_Rundfunk
21,Artist_Urban Myth
22,PostType_IG reel
23,Artist_Wart Kamps
24,Artist_Richard Groenendijk
25,"Artist_DAMN, HONEY"
26,Artist_Jazz Café
27,Artist_Charlie and the Chocolate Factory - de Musical
28,Artist_Meneer Monster
29,Artist_Panama Pictures
30,Artist_Tg. Winterberg
31,Genre_Anders
32,Genre_Divers
33,Genre_Jongeren
34,Artist_OPERA2DAY & New European Ensemble
35,Artist_Productiehuis Lente | Roos Schlikker en Erris van Ginkel
36,Genre_Komedie
37,Artist_OG3NE
38,Artist_Honey Eavis i.s.m. Frontaal Theaterbureau
39,Artist_Joost Zwagerman Lezing
40,Artist_Michelle David & The True-tones
41,Artist_Nederlands Kamerkoor i.s.m. Dance Company Nanine Linning
42,Artist_Huub Stapel
43,"Genre_Musical, Verhuring"
44,INSTA
45,Artist_Morssinkhof Terra Theaterproducties
46,Artist_Theatergroep Horizon Musicalproducties
47,Artist_BEER theaterproducties
48,FB
49,Artist_BonteHond
50,Artist_Het Ministerie van Onverrichter Zake
51,Genre_Toneel
52,hour
53,Artist_Saman Amini
54,Artist_Renée van Wegberg
55,Artist_Spinvis
56,Artist_De Theateralliantie & Theater Oostpool
57,Artist_Fuse
58,Genre_Familie
59,"Artist_Willeke van Ammelrooy, Wilbert Gieske e.a."
60,Artist_Yamato
61,Artist_Tim Fransen
62,Artist_mugmetdegoudentand
63,Artist_Carel Kraayenhof Quartet
64,"Artist_Carine Crutzen, Willem Voogd, Marisa van Eyle e.a."
65,Artist_Thjum Arts
66,Artist_De Alex Klaasen Revue
67,Artist_De Spelersfederatie en de Theatertroep
68,Artist_Rolf Sanchez
69,Artist_Theaterweekend: Jim Bakkum e.a.
70,Artist_Theater Oostpool
71,Artist_Collectief Het Paradijs
72,Artist_nijntje de musical
73,Artist_Ensemble SeaSession en Servaes Nelissen
74,Artist_LINK&KO / Hollandse Luchten
75,Artist_Stefano Keizers
76,Artist_Ilse DeLange
77,Artist_Jawad Es Soufi
78,Artist_Micha Wertheim
79,Artist_Michael starring Ben
80,Artist_WAT WE DOEN & Theater Rotterdam
81,Genre_Dans
82,Artist_Legendary Albums Live
83,"Artist_Nederlands Kamerorkest en Nikola Meeuwsen, piano"
84,Artist_Rayen Panday
85,Artist_Släpstick
86,Artist_Jazz Café met Ronald Douglas
87,"Artist_Sandra & Jeroen van Veen, met Wilma de Rek"
88,Artist_Via Rudolphi Producties
89,Genre_Klassiek
90,Genre_Theaterconcert
91,Artist_Noord Nederlands Toneel
92,Artist_Sven Ratzke
93,Genre_Talkshow
94,Artist_Pheifer & Blom
95,"Artist_Tom Feltgen, cello & Noriko Yabe, piano"
96,Artist_Jip Smit
97,Artist_HNTjong i.s.m. Stadsschouwburg Utrecht
98,"Artist_Waldemar Torenstra, Astrid van Eck en Vincent Croiset"
99,Genre_Musical
100,Artist_De Speld Theater
101,Artist_Jazz Café met Roos Jonker
102,"Artist_Maria Goos, Michiel de Jong, Sieger Sloot en Alles voor de Kunsten"
103,"Genre_Dans, Muziektheater"
104,Artist_Het Nationale Theater
105,Genre_Randprogrammering
106,Artist_Aaf Brandt Corstius
107,Artist_Jan Kooijman e.a.
108,Artist_Erwin Nyhoff & liveband
109,Artist_Nederlandse Bachvereniging
110,Artist_Peter Blok en Bas Hoeflaak
111,Artist_Pink Floyd Project
112,PostType_Video
113,Genre_Jazz
114,Artist_Orkater en het Bijlmer Parktheater
115,"Artist_Maartje van de Wetering, Xander van Vledder e.a."
116,Artist_Jakop Ahlbom Company
117,Artist_Jon van Eerd
118,Artist_Waylon
119,Artist_De Toneelmakerij en Circus Treurdier
120,Artist_LeineRoebana
121,Artist_Theaterweekend: Van Hoorne Entertainment
122,Genre_Overig
123,Artist_Nederlandse Reisopera
124,PostType_Link
125,Artist_JeugdTheaterVestival: Theater Sonnevanck & Silbersee
126,Artist_Nederlands Kamerorkest
127,PostType_IG carousel
128,Artist_Theaterwandeling: Wie de F* is TRIJN?
129,Artist_Morgen met Lucas
130,Artist_Slagerij van Kampen
131,"Artist_Beau Schneider, Nikkie Kuis, Leendert de Ridder e.a."
132,Artist_Familiespel
133,"Artist_Pia Douwes, Dennis Willekens, Joke de Kruijf e.a."
134,Artist_WIRWAR Producties
135,Artist_Slagwerk Den Haag
136,Artist_The Ruggeds
137,Artist_Machine de Cirque
138,Artist_Edsilia Rombley
139,Genre_Muziektheater
140,Artist_Esther Apituley
141,Artist_Kasper van der Laan
142,Artist_Koefnoen
143,Artist_Xclusiv Company
144,Artist_Theater Rotterdam | Erik Whien
145,week_day
146,Artist_Tineke Schouten
147,Artist_Lebbis
148,Artist_Pieter Derks
149,Artist_Zoutmus
150,Artist_Pieternel
151,Artist_Conny Janssen Danst
152,Artist_Sjors van der Panne en Tommie Christiaan
153,Artist_Eva Line de Boer | Het Zuidelijk Toneel
154,Artist_Volkstuin Complex
155,Artist_Yentl en de Boer
156,Artist_Kasper van Kooten
157,Artist_Paul Haenen
158,Venue_Kleine Zaal
159,Artist_Nynke Laverman
160,Artist_Ronald Snijders
161,Artist_Tuning People
162,Artist_Toneelgroep Maastricht
163,"Artist_Josée Koning, Jim de Groot e.a."
164,Artist_The Marigold Trio
165,Artist_Cappella Amsterdam
166,Artist_De Spelersfederatie i.s.m. De Theatertroep
167,Artist_Maas theater en dans
168,Artist_Simone Kleinsma
169,Artist_Andries Tunru
170,PostType_Text
171,Artist_The Bootleg Sixties
172,"Artist_Jan-Paul Buijs, Theo Nijland en Bart Rijnink"
173,Artist_André Kuipers en Sander Koenen
174,Artist_Martijn Koning
175,Artist_Diana & Zonen
176,Artist_Nederlands Kamerkoor
177,Artist_Orkater / De Nieuwkomers presenteert UMA
178,Artist_De Onwaarschijnlijke Elf
179,Artist_PeuterVestival: 2-ater Producties & Mime Wave
180,Genre_Show
181,Artist_Tania Kross met Ernst Munneke en Randal Corsen
182,Artist_Juf Roos gaat op avontuur (2+)
183,Artist_Margje Wittermans
184,Artist_ISH Dance Collective
185,Artist_STIP theaterproducties
186,Artist_PeuterVestival: BonteHond
187,Artist_Krisztina de Châtel
188,Artist_Tall Tales Company
189,Artist_The Celtic Tenors
190,Artist_Theater Rotterdam: Davy Pieters
191,Artist_Brackman Trio
192,Artist_Nederlands Dans Theater 2
193,Artist_Patrick Nederkoorn
194,Artist_Heather Pinkham
195,"Artist_Nicole Beutler Projects, Consensus Vocalis & O."
196,Genre_Jeugd
197,Artist_MINOUX
198,PostType_FB reel
199,Venue_Grote Kerk
200,Artist_Jasper van der Veen
201,Artist_Rob Kamphues en Tom Coronel
202,Artist_Ik Ga Stuk!
203,Artist_HNTjong
204,Artist_Peter Pannekoek
205,month
206,Artist_Via Rudolphi Producties | Ariane Schluter en Marisa van Eyle
207,Artist_Soundos
208,Artist_JeugdTheaterVestival: Mime Wave Kids
209,Artist_Julika Marijn
210,Artist_Pieter Jouke
211,Artist_Wilfried de Jong
212,Artist_Festen
213,"Artist_Christanne de Bruijn, Christiaan Koetsier, Ger Otte e.a."
214,PostType_Photo
215,Artist_Goedemorgen Theaterproducties
216,Artist_Laura van Dolron
217,Artist_Stefan de Walle en Carine Crutzen
218,Artist_3JS
219,Artist_De regels van Floor
220,Genre_Theater
221,Artist_Club Guy & Roni + Navdhara India Dance Theatre + Slagwerk Den Haag
222,Artist_De Kiesmannen
223,Artist_Try-Out Café
224,"Artist_Hans Dagelet, Bodil de la Parra, Bo Tarenskeen e.a."
225,Artist_Joost Spijkers
226,Artist_Flip Noorman
227,Artist_Het Laagland
228,"Genre_Cabaret, Muziektheater"
229,Genre_Lezing
230,Artist_Arno Schuitemaker
231,Artist_Checkpoint Theater
232,"Artist_René van Kooten, Mariska van Kolck, Dennis Willekens, Wieneke Remmers e.v.a."
233,"Artist_Hajo Bruins, Willem Voogd, Marieke Giebels, Oda Spelbos, Marijn Klaver"
234,Artist_Marc-Marie Huijbregts
235,Artist_The BlueBirds - special guest: Leonie Meijer
236,Artist_Pieter Verelst
237,Artist_Lisa Ostermann
238,Artist_ABBA The Music
239,Artist_Igone de Jongh
240,Artist_ICK
241,Artist_Wim Helsen
242,Artist_Esther Groenenberg & band
243,Artist_Daniëlle Schel
244,Artist_De Dansers
245,Artist_Lebbis en Verhallen
246,Artist_Legendary Albums Live presenteert
247,Artist_Mell & Vintage Future
248,Artist_Omdenken
249,Artist_East Meets West
250,Artist_Theater Terra
251,Artist_Tim Knol & Blue Grass Boogiemen
252,Artist_Johan Goossens
253,Venue_Grote Zaal
254,Artist_Toneelgroep Oostpool | Hadewych Minis
255,Artist_Rondom Bach
256,Artist_Van Merwijks Latin Devils
257,Artist_Rondleiding
258,PostType_IG image
259,Venue_Rondleiding Theater de Vest
260,Artist_Buurman en Buurman
261,days_b4_event
262,Artist_Annelie - Hertz
263,Artist_Jazz Café met Simon Rigter en Jan van Duikeren
264,Artist_Grease De Hitmusical
265,Artist_Kapsalon Theater in De Vest
266,Artist_Recirquel Company Budapest
267,Artist_Het Nationale Theater i.s.m. New European Ensemble
